Name,Race,Grade,Rarity,Phys,Fire,Ice,Elec,Force,Light,Dark,6★ HP,6★ Strength,6★ Magic,6★ Vitality,6★ Agility,6★ Luck,Skill 1,Skill 2,Skill 3,Clear Awaken,Red Awaken,Yellow Awaken,Purple Awaken,Teal Awaken,Red Gacha,Yellow Gacha,Purple Gacha,Teal Gacha,AI Type,PATK,PDEF,MATK,MDEF
Metatron,Herald,99,5,-,Resist,Resist,Resist,Resist,Null,-,1140 (45/190),176 (55/190),199 (23/190),164 (45/190),129 (102/190),122 (150/190),Holy Wrath,Infinite Chakra,Fire of Sinai,Enduring Soul,Mahamadyne,Salvation,Mana Gain,Repel Elec,Spirit Drain,Maragidyne,Maziodyne,Resist Phys,Attack,699,598,747,609
Lucifer,Tyrant,98,5,Resist,-,-,-,-,Weak,Repel,1136 (48/190),176 (56/190),163 (76/190),163 (48/190),152 (53/190),132 (130/190),Megidolaon,Trisagion,Morning Star,Vitality Amp III,Titanomachia,Recarmdra,Butcher,Drain Light,Vitality Amp III,Null Charm,Evil Gaze,Marin Karion,Attack,699,597,672,590
Vishnu,Deity,97,5,-,Weak,Drain,-,-,Null,Null,1037 (96/190),152 (79/190),208 (11/190),142 (96/190),117 (137/190),152 (46/190),Bufudyne,Holy Wrath,Avatar,Mudodyne,Megidolaon,Prayer,Null Weak,Repel Dark,Hellfire,Null Bind,Wind Breath,Resist Fire,Attack,649,562,766,590
Yoshitsune,Hero,97,5,Resist,-,-,-,-,Null,Null,1089 (63/190),198 (24/190),132 (110/190),153 (63/190),163 (29/190),132 (131/190),Vorpal Blade,Mana Aid,Hassou Tobi,Enduring Soul,Gigantomachia,Tetrakarn,Phys Amp,Drain Phys,God's Hand,Auto-Sukuka,Savage Glee,Resist Ice,Attack,745,597,607,564
Mother Harlot,Fiend,95,5,Null,-,-,,Weak,Resist,Resist,1131 (49/190),91 (149/190),207 (13/190),162 (49/190),128 (105/190),184 (4/190),Mana Gain,Empress' Libido,Babylon Goblet,Magic Amp III,Deathtouch,Debilitate,Deadly Charm,Drain Phys,Tetra Shift,Infernal Mask,Insanity,Makara Shift,Support,521,553,764,611
Trumpeter,Fiend,94,5,-,-,-,-,-,Null,Null,1032 (99/190),121 (112/190),207 (14/190),141 (99/190),160 (33/190),162 (22/190),Concentrate,Soul Drain,Apocalypse,Mahamakajamaon,Judgement,Vengeance,Auto-Rakuga,Resist Phys,Evade,Auto-Tarunda,Trisagion,Resist Fire,Attack,584,545,764,588
Shiva,Fury,93,5,Resist,Drain,Weak,Drain,-,-,-,1032 (100/190),229 (5/190),151 (88/190),141 (100/190),160 (34/190),152 (51/190),Serial Killer,Vorpal Blade,Pralaya,Null Charm,God's Hand,Rebellion,Evade,Drain Ice,Strength Amp III,Mortal Jihad,Binge Eating,Resist Force,Attack,810,599,647,560
Michael,Herald,90,5,-,-,Null,Null,-,Repel,Weak,1028 (104/190),183 (47/190),183 (58/190),140 (104/190),158 (40/190),120 (152/190),Life Aid,Soul Judgement,Megidolaon,Endure,Thunderclap,Mediarahan,Hellish Mask,Repel Dark,Titanomachia,Magic Amp III,Ziodyne,Null Bind,Attack,714,575,714,575
Mara,Tyrant,90,5,-,-,Weak,Drain,-,Resist,Resist,934 (152/190),228 (6/190),109 (138/190),120 (152/190),136 (84/190),172 (8/190),Null Bind,Titanomachia,Hell Thrust,Megaton Raid,Soul Drain,Charge,Phys Pierce,Null Ice,Strength Amp III,Great Aim,Phys Boost,Resist Phys,Attack,808,576,558,516
Alice,Fiend,89,5,-,-,-,-,-,Weak,Repel,1023 (108/190),98 (144/190),217 (6/190),139 (108/190),147 (65/190),172 (9/190),Mamudoon,Mudodyne,Die for Me!,Soul Drain,Hell Gaze,Mahajuon,Dark Amp,Repel Light,Glacial Blast,Epic Recovery,Wild Instinct,Thunder Reign,Attack,535,531,785,591
Huang Di,Hero,88,5,-,Resist,Resist,Resist,Resist,-,-,1023 (107/190),194 (31/190),129 (113/190),139 (107/190),146 (67/190),150 (54/190),Hades Blast,Superior Power,Yinlong Killer,Life Aid,Berserker God,Salvation,Null Charm,Repel Light,Auto-Taraka,Null Phys,Serial Killer,Infernal Mask,Attack,737,579,600,547
Huang Long,Dragon,88,5,-,Resist,Resist,Resist,Resist,Null,-,1173 (36/190),50 (189/190),194 (35/190),171 (36/190),192 (9/190),159 (25/190),Agility Amp II,Megidolaon,Five Elements ,Life Aid,Energy Drain,Luster Candy,Speedster,Null Dark,Magic Amp III,Serial Killer,Hell Gaze,Enduring Soul,Support,435,543,737,615
Rama,Hero,86,5,-,Null,Resist,-,-,-,-,1117 (53/190),139 (88/190),193 (36/190),159 (53/190),145 (71/190),139 (101/190),Mabufudyne,Drain Pierce,Brahma Sutra,Hades Blast,Energy Drain,Luster Candy,Ice Pierce,Drain Ice,Mana Aid,Concentrate,Ice Age,Null Mute,Attack,621,574,735,601
Alilat,Entity,85,5,Resist,-,-,-,-,Resist,Resist,1220 (21/190),50 (190/190),170 (69/190),181 (21/190),145 (72/190),181 (6/190),Megidola,Infernal Mask,Repel Pierce,Diarahan,,,,,,,,,Support,435,554,687,614
Lakshmi,Megami,85,5,-,-,-,-,Weak,Resist,Null,924 (155/190),88 (154/190),248 (1/190),118 (155/190),145 (73/190),170 (13/190),Diarahan,Twister,Lotus Dance,Mana Gain,Killing Wind,Makarakarn,Insanity,Null Force,Ziodyne,Auto-Rakunda,Null Weak,Evil Gaze,Support,514,503,850,583
Zaou-Gongen,Fury,85,5,Null,Repel,-,Weak,-,Resist,Resist,1065 (77/190),193 (33/190),170 (72/190),148 (77/190),123 (119/190),148 (60/190),Maragidyne,God's Hand,Kongo Zaou,Enduring Soul,Herculean Strike,Rebellion,Fire Amp,Drain Phys,Strength Amp III,Auto-Taraka,Hellfire,Death Counter,Attack,735,589,687,577
Barong,Avatar,84,5,Resist,-,-,Null,Weak,Null,Weak,1018 (109/190),158 (71/190),128 (114/190),138 (109/190),178 (14/190),170 (12/190),Mazionga,Bolt Storm,Barong Dance,Endure,Thunder Reign,Recarmdra,Elec Amp,Null Dark,Bufudyne,Mahashibaboo,Vitality Amp III,Resist Force,Support,661,560,598,545
Samael,Fallen,84,5,-,-,-,Weak,-,Repel,Repel,1169 (40/190),88 (152/190),202 (19/190),170 (40/190),134 (87/190),158 (28/190),Mana Aid,Salvation,God's Malice,Death Counter,Purgatory,Tetrakarn,Infinite Chakra,Null Fire,Fire Breath,Mudodyne,Wind Breath,Recovery Boost,Support,514,561,754,618
Seth,Vile,84,5,-,Weak,-,Null,Null,-,Drain,971 (134/190),248 (2/190),89 (163/190),128 (134/190),134 (88/190),170 (11/190),Zandyne,Debilitate,Ouas,Titanomachia,Mind Break,Outbreak,Force Amp,Resist Fire,Sweet Bite,Luck Amp III,Vorpal Blade,Assassin,Attack,850,594,516,515
Mastema,Herald,83,5,-,Weak,Null,-,Repel,Repel,-,1060 (82/190),97 (145/190),201 (21/190),147 (82/190),133 (91/190),170 (14/190),Judgement Light,Binding Cry,Trial of Hate,Mana Gain,Ice Age,Makajamaon,Light Amp,Repel Ice,Killing Wind,Madness,Hamadyne,Resist Elec,Attack,533,540,752,592
Siegfried,Hero,83,5,Drain,-,-,-,-,-,-,1060 (79/190),201 (19/190),117 (125/190),147 (79/190),133 (92/190),147 (65/190),Berserker God,Rebellion,Arms Mastery,Life Aid,Titanomachia,Charge,Enduring Soul,Null Force,Great Aim,Auto-Sukunda,Myriad Arrows,Resist Dark,Attack,752,592,575,550
Thor,Kishin,83,5,Resist,Null,-,Drain,Weak,Resist,-,1169 (37/190),201 (20/190),180 (60/190),170 (37/190),133 (95/190),117 (161/190),Megaton Raid,Charge,Mjolnir,Maziodyne,Gigantomachia,Rebellion,Elec Pierce,Repel Fire,Mahamadyne,Auto-Rakuga,Elec Boost,Resist Force,Attack,752,617,708,607
Asherah,Lady,83,5,-,Null,Weak,-,Null,-,Weak,1479 (2/190),117 (119/190),192 (38/190),236 (2/190),112 (145/190),138 (105/190),Mediarama,Mother's Creation,Maragion,Sea of Chaos,Trisagion,Silent Prayer,Recovery Amp,Repel Ice,Vitality Amp III,Null Bind,Luck Amp III,Resist Dark,Heal,575,648,733,685
Ananta,Snake,83,5,-,-,Null,Null,Weak,Null,-,1169 (38/190),117 (115/190),170 (71/190),170 (38/190),154 (50/190),138 (104/190),Diarahan,Auto-Sukuka,Auto-Rakuga,Holy Wrath,Mabufudyne,Mahapoismaon,Auto-Taraka,Drain Ice,Gigantomachia,Deadly Poison,Mazandyne,Resist Force,Support,575,575,687,602
Surt,Tyrant,83,5,-,Drain,Weak,-,-,-,-,1112 (55/190),201 (21/190),147 (93/190),158 (55/190),92 (171/190),147 (61/190),Berserker God,Tetra Shift,Ragnarok,Intimidating Stance,Maragidyne,Lydia,Fire Pierce,Null Ice,Hellfire,Magic Amp III,Fire Boost,Eat Whole,Attack,752,604,638,577
Amaterasu,Deity,82,5,-,Repel,-,Weak,-,Resist,-,1107 (56/190),88 (153/190),213 (9/190),157 (56/190),133 (93/190),157 (31/190),Maragion,Tarunda,Tenson Kourin,Auto-Sukuka,Trisagion,Mediarahan,Magic Amp III,Null Elec,Luck Amp III,Null Charm,Mahamadyne,Mahamakajamaon,Support,514,546,777,609
Susano-o,Fury,82,5,Resist,Weak,-,-,Drain,-,-,966 (135/190),235 (4/190),106 (141/190),127 (135/190),133 (96/190),147 (62/190),Assassin,Mortal Jihad,Kusanagi,Strength Amp III,Killing Wind,Charge,Merciless Blow,Drain Elec,Deadly Bondage,Agility Amp III,Fog Breath,Resist Fire,Attack,823,587,552,522
Ishtar,Megami,82,5,-,-,-,Null,Weak,Null,Weak,1018 (110/190),117 (116/190),247 (2/190),138 (110/190),92 (172/190),157 (33/190),Mahamaon,Diarahan,Mesopotamian Star,Samarecarm,Thunderclap,Concentrate,Tetra Shift,Null Force,Ice Age,Mahamarin Karion,Dmg Panel Immunity,Resist Dark,Heal,575,540,848,605
Cu Chulainn,Genma,81,5,Resist,-,-,-,Null,-,-,1060 (80/190),201 (22/190),190 (40/190),147 (80/190),111 (147/190),97 (178/190),Savage Glee,Mazandyne,Gae Bolg,Rebellion,Killing Wind,Recarmdra,Force Pierce,Repel Dark,God's Hand,Mortal Jihad,Force Boost,Resist Light,Attack,752,592,729,586
Black Frost,Jaki,81,5,-,Resist,Null,-,-,Weak,Null,1107 (57/190),68 (185/190),201 (20/190),157 (57/190),153 (51/190),169 (15/190),Mabufudyne,Curse of Anguish,Go to Hell!,Maragion,Hell Gaze,Concentrate,Ice Amp,Null Fire,Merciless Blow,Insanity,Ice Age,Resist Light,Attack,472,536,752,603
Garuda,Avian,80,5,-,Repel,Weak,-,Null,Resist,-,783 (186/190),68 (184/190),190 (41/190),88 (186/190),256 (1/190),157 (30/190),Zandyne,Auto-Rakunda,Vahana,Magic Amp III,Maragidyne,Fog Breath,Berserker,Null Light,Trisagion,Megidola,Evade,Resist Ice,Attack,472,460,729,521
Lilith,Night,80,5,-,Resist,Resist,Drain,Weak,Weak,Null,1009 (114/190),127 (101/190),190 (42/190),136 (114/190),121 (123/190),169 (16/190),Maziodyne,Energy Drain,Allure,Insanity,Mind Break,Samarecarm,Luck Amp III,Null Light,Deadly Charm,Madezoreton,Agility Amp III,Resist Force,Support,596,543,729,574
Quetzalcoatl,Dragon,80,5,Resist,Resist,-,-,Resist,Resist,Weak,1164 (42/190),97 (146/190),178 (62/190),169 (42/190),153 (52/190),147 (63/190),Maragidyne,Mazandyne,Ce Acatls' Return,Null Poison,Mahamadyne,Concentrate,Auto-Tarunda,Repel Phys,Mabufudyne,Back Attack,Null Mute,Mamudodyne,Attack,533,564,703,604
Jeanne d'Arc,Hero,78,4,-,Weak,Resist,Resist,Resist,-,-,1009 (118/190),126 (103/190),189 (45/190),136 (118/190),162 (32/190),126 (142/190),Recovery Boost,Holy Wrath,Orlean Prayer,Life Aid,Judgement,Silent Prayer,Null Mute,Repel Fire,Mind Break,Mediarama,Purgatory,Zanma,Heal,594,542,726,574
Hell Biker,Fiend,77,4,-,Repel,-,-,Resist,Weak,-,1004 (122/190),156 (75/190),156 (85/190),135 (122/190),229 (4/190),87 (184/190),Maragion,Speedster,Red Zone,Power Hit,Mamudoon,Recarmdra,Auto-Sukuka,Repel Light,Agidyne,War Cry,Deadly Bondage,Resist Dark,Attack,657,556,657,556
Sphinx,Holy,76,4,-,Null,Weak,-,-,Repel,Weak,1051 (86/190),87 (157/190),210 (10/190),145 (86/190),130 (100/190),156 (34/190),Barrier,Tetra Shift,Mahamaon,Mortal Jihad,Ziodyne,Mediarahan,Auto-Rakuga,Null Ice,Ju,Megaton Press,Resist Ice,Evil Gaze,Support,512,533,771,594
Kama,Enigma,75,4,Resist,Weak,-,-,-,Resist,-,1051 (88/190),124 (104/190),96 (156/190),145 (88/190),228 (5/190),145 (70/190),Speedster,Dekunda,Divine Bows' Allure,Vorpal Blade,,,,,,,,,Support,590,551,531,537
Zhong Kui,Kishin,75,4,-,Resist,-,-,Weak,Resist,-,863 (178/190),254 (1/190),96 (154/190),105 (178/190),109 (150/190),188 (2/190),Hellish Mask,Auto-Taraka,Oni-Kagura,Null Mute,Megaton Raid,Dezoreton,Intimidating Stance,Resist Phys,Mamudodyne,Dmg Panel V II,Deadly Mute,Mahamaon,Attack,863,572,531,493
Loki,Tyrant,75,4,-,-,Null,-,Resist,Weak,Resist,1197 (29/190),76 (176/190),198 (24/190),176 (29/190),120 (127/190),154 (40/190),Zandyne,Agidyne,Trickster,Ziodyne,Bufudyne,Vengeance,Void Dark Zones,Resist Light,Bloody Glee,Eat Whole,Mamudoon,Mudoon,Attack,489,561,745,622
White Rider,Fiend,74,4,-,-,-,Drain,Weak,Resist,Resist,910 (160/190),124 (105/190),198 (25/190),115 (160/190),159 (38/190),134 (115/190),Ziodyne,White Noise,God's Bow,Bolt Storm,Soul Drain,Recarmdra,Null Bind,Null Force,Bufula,Good Aim,Mecharmdi,Maragion,Attack,590,518,745,555
Hecatoncheires,Jaki,74,4,Null,-,-,-,Weak,Weak,-,1399 (3/190),219 (8/190),76 (185/190),219 (3/190),61 (190/190),166 (17/190),Megaton Press,Bloody Glee,Guards of Tartarus,Auto-Rakuga,Binge Eating,Charge,Life Surge,Drain Phys,Phys Boost,Deadly Curse,Acid Breath,Resist Light,Attack,789,680,489,608
Odin,Deity,73,4,-,-,-,Repel,Weak,Resist,Resist,999 (124/190),176 (58/190),165 (74/190),134 (124/190),128 (106/190),115 (162/190),Resist Ice,Bolt Storm,Gungnir,Merciless Blow,Megaton Raid,Tarukaja,Great Aim,Null Dark,Evil Gaze,Maragi,Bufula,Posumudi,Attack,699,565,676,559
Anubis,Avatar,70,4,-,-,-,-,-,Null,Resist,948 (147/190),76 (177/190),217 (5/190),123 (147/190),78 (183/190),186 (3/190),Dark Boost,Mudodyne,Judgement Light,Dekunda,Purgatory,Tetrakarn,Merciless Blow,Null Dark,Spirit Drain,Poisma,Dia,Agilao,Attack,489,503,785,573
Dantalian,Fallen,70,4,-,Resist,Resist,Weak,Null,Weak,Resist,1286 (12/190),76 (174/190),195 (33/190),195 (12/190),127 (109/190),144 (78/190),Makarakarn,Fog Breath,Hamadyne,Mana Gain,Binge Eating,Binding Cry,Makara Shift,Repel Dark,Binding Cry,Ice Breath,Taunt,Luck Amp II,Support,489,582,739,642
Bishamonten,Kishin,70,4,-,Weak,Null,-,-,-,-,1192 (30/190),207 (15/190),86 (170/190),175 (30/190),117 (134/190),133 (123/190),Resist Light,Bufudyne,Berserker God,Tarukaja,Hades Blast,Discord,Back Attack,Resist Dark,Energy Drain,Makajamaon,Mecharmdi,Resist Force,Attack,764,626,510,565
Yurlungur,Snake,70,4,-,Weak,Null,Resist,-,-,Weak,1342 (6/190),123 (108/190),104 (145/190),207 (6/190),157 (42/190),133 (118/190),Mahashibaboo,Samarecarm,Mabufula,Luck Amp III,Bufudyne,Diarama,Null Poison,Resist Fire,Acid Breath,Recarmdra,Deadly Poison,Mahama,Support,588,619,548,609
Beiji-Weng,Fury,69,4,-,Weak,Null,-,-,Resist,-,1089 (62/190),86 (160/190),186 (49/190),153 (62/190),157 (43/190),153 (41/190),Ice Boost,Bufudyne,Glacial Blast,Recarm,Mabufudyne,Barrier,Null Curse,Repel Ice,Resist Light,Mazan,Bufu,Madness,Attack,510,541,720,591
Sarasvati,Megami,69,4,-,Weak,Null,-,-,-,Weak,1187 (32/190),76 (175/190),195 (31/190),174 (32/190),127 (110/190),153 (42/190),Mabufula,Barrier,Silent Prayer,Bufudyne,Glacial Blast,Mediarama,Back Attack,Repel Ice,Mecharmdi,Resist Curse,Savage Glee,Evil Gaze,Support,489,559,739,618
Gucumatz,Dragon,69,4,-,Weak,Resist,-,Resist,-,-,1140 (46/190),174 (59/190),142 (100/190),164 (46/190),88 (174/190),153 (43/190),Heat Wave,Ice Breath,Auto-Tarunda,Wild Guess,Wind Breath,Fog Breath,Tetra Shift,Null Fire,Berserker God,Tarunda,Retaliate,Mediara,Support,695,597,628,581
Ongyo-Ki,Brute,68,4,Resist,-,Resist,-,Resist,Weak,-,1140 (47/190),206 (16/190),86 (167/190),164 (47/190),126 (112/190),152 (50/190),Dark Sword,Auto-Rakuga,Mabufula,Deathtouch,Nihil Claw,Outbreak,Death Counter,Null Dark,Counter,Deadly Charm,Luck Amp I,Wind Breath,Attack,762,613,510,553
Beelzebub,Tyrant,68,4,-,-,-,Resist,Resist,Null,Null,1084 (68/190),152 (78/190),142 (97/190),152 (68/190),146 (69/190),123 (149/190),Mudodyne,Mazionga,Gluttony,Wild Instinct,Bolt Storm,Outbreak,Makara Shift,Repel Light,Madezoreton,Resist Phys,Bloody Glee,Resist Elec,Attack,649,573,628,568
Prometheus,Deity,67,4,-,Null,Weak,-,-,Resist,-,896 (166/190),163 (65/190),226 (4/190),112 (166/190),78 (184/190),133 (126/190),Fire Boost,Makara Shift,Agidyne,Vitality Amp III,Maragidyne,Recarmdra,Infinite Chakra,Drain Fire,Resist Elec,Mazanma,Madness,Resist Poison,Attack,672,534,804,566
Oberon,Fairy,67,4,-,-,-,Weak,Drain,-,-,1037 (97/190),184 (46/190),216 (8/190),142 (97/190),78 (182/190),103 (176/190),Force Boost,Zandyne,Mahamarin Karion,Makarakarn,Twister,Mecharmdi,Auto-Sukuka,Resist Ice,Cleave,Vitality Amp I,Tarukaja,Spirit Drain,Attack,716,578,783,594
Rangda,Femme,67,4,Repel,-,-,Weak,-,-,-,943 (149/190),122 (109/190),174 (65/190),122 (149/190),146 (70/190),152 (48/190),Mahajuon,Mudodyne,Mazandyne,Vorpal Blade,Purgatory,Recarmdra,Endure,Null Force,Wind Breath,Mabufula,Dekaja,Spirit Drain,Attack,586,525,695,551
Tsukuyomi,Genma,67,4,Weak,Null,Null,Resist,Resist,-,-,943 (148/190),122 (111/190),216 (7/190),122 (148/190),67 (187/190),142 (83/190),Mana Bonus,Zanma,Lunar Blessing,Mazan,Mudoon,Recarm,Life Gain,Drain Fire,Sukukaja,Fast Recovery,Hamaon,Zionga,Support,586,525,783,572
Azrael,Herald,67,4,Resist,Resist,Weak,-,-,Repel,Resist,1187 (33/190),75 (178/190),194 (34/190),174 (33/190),126 (113/190),152 (45/190),Tetrakarn,Evil Gaze,Agidyne,Makarakarn,Mudodyne,Vengeance,Makara Shift,Null Dark,Sweet Bite,Dekunda,Wild Instinct,Judgement Light,Support,487,558,737,618
Skadi,Lady,67,4,-,Weak,Drain,-,-,-,-,1037 (95/190),85 (161/190),206 (16/190),142 (95/190),135 (85/190),163 (20/190),Mahamakajam,Deadly Mute,Mamudoon,Luck Amp II,Glacial Blast,Makara Break,Insanity,Resist Fire,Shock,Strength Amp II,Mediara,Resist Elec,Support,508,528,762,589
Girimekhala,Vile,67,4,Repel,-,-,Weak,Weak,Weak,-,1037 (94/190),216 (10/190),93 (162/190),142 (94/190),126 (111/190),142 (81/190),Resist Dark,Mega Boost,Megaton Press,Binding Cry,Binge Eating,Rakunda,Savage Glee,Resist Force,Judgement Light,Agidyne,Mutudi,Bufula,Attack,783,594,525,532
Kudlak,Jaki,67,4,-,Resist,-,-,-,Weak,Null,1084 (69/190),85 (162/190),163 (77/190),152 (69/190),146 (66/190),174 (7/190),Energy Drain,Curse of Anguish,Dark Pandemic,Mana Gain,Mudodyne,Madezoreton,Endure,Drain Dark,Deadly Curse,Mahapoismaon,Back Attack,Resist Light,Support,508,539,672,578
Yatagarasu,Avian,66,4,-,Null,Weak,-,-,Resist,-,854 (180/190),184 (44/190),75 (186/190),103 (180/190),231 (3/190),132 (129/190),Hades Blast,Auto-Sukunda,Speedster,Phys Boost,Mortal Jihad,Sukukaja,Evade,Resist Phys,Maragion,Mana Bonus,Wind Breath,Resist Bind,Support,716,535,487,480
Ganesha,Yoma,66,4,Resist,-,-,Weak,Null,-,Weak,1234 (20/190),184 (45/190),123 (121/190),184 (20/190),96 (168/190),133 (122/190),Berserker God,Faith in Wealth,Rakukaja,Power Hit,Megaton Raid,Taunt,Phys Boost,Null Dark,Meposumudi,Mazandyne,Holy Wrath,Dezoreto,Attack,716,624,588,593
Attis,Zealot,65,4,Resist,-,-,-,-,-,-,1079 (70/190),183 (49/190),93 (161/190),151 (70/190),145 (74/190),141 (87/190),Enduring Soul,Recarmdra,Mist Slashes,Life Aid,,,,,,,,,Attack,714,587,525,542
King Frost,Tyrant,64,4,-,Weak,Null,-,-,Resist,-,1277 (13/190),122 (110/190),171 (68/190),193 (13/190),76 (186/190),151 (52/190),Ice Boost,Megaton Press,Cold World,Wild Instinct,Glacial Blast,Concentrate,Luck Amp III,Resist Fire,Bufudyne,Binge Eating,Hellish Mask,Resist Bind,Attack,586,603,689,627
Succubus,Night,63,4,-,Resist,Null,-,-,Weak,-,1079 (73/190),85 (163/190),204 (17/190),151 (73/190),123 (120/190),151 (53/190),Mahamarin Karin,Deadly Charm,Bufudyne,Spirit Drain,Mazionga,Madezoreto,Null Charm,Resist Light,Life Drain,Mabufula,Wild Instinct,Mamudoon,Support,508,538,758,598
Long,Dragon,63,4,-,-,Resist,Weak,Null,-,-,1032 (101/190),151 (81/190),183 (57/190),141 (101/190),165 (23/190),75 (186/190),Force Boost,Zandyne,Dragon Sense,Agility Amp II,Berserker God,Concentrate,Mana Aid,Repel Force,Mazandyne,Vorpal Blade,Ziodyne,Makara Break,Attack,647,560,714,576
Titania,Fairy,62,4,-,-,-,-,-,Resist,Resist,717 (189/190),111 (129/190),235 (3/190),74 (189/190),104 (160/190),140 (90/190),Elec Boost,Mazionga,Makajamaon,Mana Gain,Bolt Storm,Dezoreton,Back Attack,Resist Phys,Tarunda,Mamudo,Fatal Sword,Shock,Support,563,466,823,528
Sleipnir,Holy,62,4,-,Weak,-,-,-,Resist,-,891 (171/190),102 (140/190),162 (78/190),111 (171/190),164 (25/190),171 (10/190),Light Boost,Mahamaon,Speedster,Samarecarm,Hamadyne,Diarahan,Agility Amp III,Null Light,Fire Breath,Binge Eating,Twister,Mahashibabooon,Attack,544,503,670,533
Jikokuten,Kishin,62,4,-,-,-,Weak,Null,Resist,-,1028 (106/190),182 (50/190),140 (103/190),140 (106/190),142 (75/190),130 (132/190),Mazanma,Hades Blast,Suppress Stance Drain,Zandyne,Megaton Raid,Mahashibabooon,Life Surge,Null Fire,Binding Claw,Mediarahan,White Noise,Life Drain,Attack,712,575,624,554
Pallas Athena,Megami,62,4,Resist,-,-,-,-,Null,Weak,891 (169/190),192 (34/190),74 (187/190),111 (169/190),164 (28/190),182 (5/190),Resist Force,Myriad Arrows,Holy Wrath,Makarakarn,Mortal Jihad,Diarahan,Mana Aid,Null Fire,Tempest Slash,Silent Prayer,Toxic Sting,Twister,Attack,733,548,485,489
Pazuzu,Vile,62,4,-,-,Weak,-,Null,-,Null,1371 (4/190),162 (66/190),192 (39/190),213 (4/190),94 (170/190),64 (190/190),Resist Fire,Mediarama,Purgatory,White Noise,Mamudodyne,Samarecarm,Death Counter,Null Light,Resist Mute,Media,Zanma,Deathbound,Heal,670,645,733,660
Cerberus,Beast,61,4,-,Repel,Weak,-,-,-,-,981 (131/190),170 (61/190),150 (90/190),130 (131/190),152 (55/190),140 (91/190),Agidyne,Hell Claw,War Cry,Life Gain,Fire Breath,Madezoreton,Back Attack,Resist Phys,Deadly Bondage,Counter,Heat Wave,Agility Amp I,Attack,687,558,645,548
Wu Kong,Fury,61,4,Resist,Resist,-,Weak,Resist,Resist,Weak,891 (170/190),235 (3/190),84 (172/190),111 (170/190),123 (121/190),160 (24/190),Phys Boost,Taunt,Oni-Kagura,Charge,Titanomachia,Outbreak,Vitality Amp III,Null Phys,Thunderclap,Hell Gaze,Maragi,Deadly Poison,Attack,823,569,506,494
Sandalphon,Herald,61,4,Resist,-,-,Resist,-,Repel,Null,1075 (75/190),140 (86/190),160 (80/190),150 (75/190),152 (54/190),111 (168/190),Hamadyne,Zandyne,Auto-Sukuka,Amrita,Mahamaon,Samarecarm,Wild Instinct,Resist Force,Meposumudi,Counter,Rakunda,Megaton Press,Attack,624,565,666,575
Orochi,Snake,61,4,-,Null,Null,Weak,-,-,-,1075 (76/190),202 (17/190),84 (174/190),150 (76/190),133 (89/190),150 (58/190),Bufudyne,Megaton Press,Dmg Panel Immunity,Barrier,Agidyne,Recarmdra,Auto-Taraka,Null Light,Dmg Panel V I,Dekaja,Spirit Drain,Savage Glee,Attack,754,596,506,537
Fenrir,Wilder,61,4,-,Weak,Drain,Resist,Weak,-,-,938 (151/190),150 (82/190),111 (135/190),121 (151/190),238 (2/190),111 (169/190),Nihil Claw,Agility Amp II,Auto-Taraka,Eat Whole,Hades Blast,Makara Break,Speedster,Resist Force,Resist Dark,Eat Whole,Meweakdi,Hama,Support,645,538,563,518
Rakshasa,Jaki,61,4,Resist,-,-,Weak,-,Weak,-,849 (181/190),212 (11/190),84 (173/190),102 (181/190),164 (24/190),150 (57/190),Fatal Sword,Charge,Rasetsu,Endure,Dark Sword,Taunt,Retaliate,Null Force,Tempest Slash,Agility Amp II,Deadly Curse,Speedster,Attack,775,548,506,484
Throne,Divine,60,4,-,Null,Weak,-,-,Null,Weak,1028 (103/190),121 (113/190),140 (102/190),140 (103/190),163 (30/190),140 (92/190),Resist Elec,Maragion,Void Dark Zones,Mediara,Mahamaon,Diarahan,Evade,Null Ice,War Cry,Resist Ice,Deathtouch,Wild Guess,Attack,584,544,624,554
Hanuman,Genma,60,4,-,-,-,Weak,Null,-,-,938 (150/190),223 (7/190),84 (171/190),121 (150/190),132 (98/190),150 (55/190),Resist Phys,Vorpal Blade,Mazanma,Madness Nails,Zandyne,Taunt,Retaliate,Repel Force,Vitality Amp I,Evil Gaze,Judgement Light,Resist Weak,Attack,798,574,506,505
Kikuri-Hime,Lady,60,4,-,-,-,Weak,Null,-,Weak,1028 (102/190),84 (164/190),203 (18/190),140 (102/190),133 (94/190),140 (98/190),Lydia,Maragion,Marin Karion,Vitality Amp II,Agidyne,Diarama,Tetra Shift,Resist Dark,Resist Fire,Mahapoismaon,Power Hit,Rakukaja,Heal,506,526,756,585
Abaddon,Tyrant,60,4,-,Repel,-,Weak,-,-,-,1122 (51/190),190 (35/190),111 (134/190),160 (51/190),122 (122/190),121 (151/190),Retaliate,Maragion,Binge Eating,Hellfire,Megaton Raid,Madezoreto,Bloody Glee,Null Phys,Agility Amp I,Hellish Mask,Ju,Memutudi,Attack,729,601,563,561
Mitra,Deity,55,3,Repel,-,Weak,-,-,Resist,Resist,1117 (54/190),159 (70/190),148 (92/190),159 (54/190),120 (125/190),110 (170/190),Mahaju,Barrier Break,Evil Gaze,Megido,Mahamaon,Fog Breath,Insanity,Resist Force,Media,Dia,Mazio,Vitality Amp I,Support,663,584,640,578
Kinmamon,Enigma,55,3,-,Null,Weak,-,-,Resist,Resist,1065 (78/190),74 (179/190),138 (104/190),148 (78/190),181 (13/190),159 (27/190),Megido,Barrier,Mutant,Megidola,,,,,,,,,Support,485,529,619,561
Vetala,Haunt,55,3,-,Weak,-,-,-,Weak,Null,976 (133/190),159 (68/190),159 (82/190),129 (133/190),120 (128/190),120 (153/190),Lydia Break,Bufudyne,Eat Whole,Rampage,Energy Drain,Acid Breath,Resist Poison,Resist Fire,Cursedi,Heat Wave,Agility Amp I,Fast Recovery,Attack,663,551,663,551
Berserker,Brute,54,3,Null,-,-,-,Weak,-,-,797 (184/190),209 (12/190),110 (137/190),91 (184/190),129 (101/190),159 (26/190),Charge,Dark Sword,Mabufu,Enduring Soul,Megaton Press,Rebellion,Retaliate,Null Ice,Soul Drain,Magic Amp I,Mutudi,Wild Guess,Attack,768,534,561,485
Ose,Fallen,54,3,-,-,-,-,-,-,Resist,1060 (83/190),188 (37/190),82 (177/190),147 (83/190),139 (78/190),138 (103/190),Hades Blast,Mazionga,Charge,Retaliate,Megaton Press,Tetrakarn,Strength Amp II,Null Phys,Agi,Charmdi,Media,Madness,Attack,724,585,502,532
Isis,Lady,54,3,-,Resist,-,Null,-,-,-,1018 (111/190),100 (141/190),148 (91/190),138 (111/190),169 (20/190),148 (59/190),Samarecarm,Zandyne,Mahamakajam,Mana Gain,Mazan,Meweakdi,Back Attack,Null Force,Strength Amp I,Good Aim,Mecharmdi,Zan,Support,540,531,640,555
Feng Huang,Avian,53,3,Weak,Null,Weak,-,-,-,-,713 (190/190),64 (186/190),168 (73/190),73 (190/190),209 (8/190),188 (1/190),Agilao,Auto-Tarunda,Mediarama,Void Dark Zones,Mahama,Binding Cry,Dmg Panel V II,Resist Phys,Bloody Glee,Mutudi,Meparaladi,Zio,Heal,464,442,682,494
Dominion,Divine,53,3,-,-,-,Resist,Weak,Null,Weak,1060 (81/190),73 (180/190),188 (46/190),147 (81/190),129 (103/190),158 (29/190),Mekasudi,Null Curse,Mazionga,Megido,Ziodyne,Prayer,Null Mute,Null Elec,Mecharmdi,Cleave,Vitality Amp I,Bufu,Heal,483,528,724,585
Dakini,Femme,53,3,Resist,Drain,Weak,-,-,-,-,1060 (84/190),199 (23/190),83 (175/190),147 (84/190),119 (130/190),147 (64/190),Barrier Break,Agilao,Berserker God,Poismaon,Agidyne,Mahamakajam,Null Poison,Resist Ice,Toxic Cloud,Bolt Storm,Magic Amp I,Wild Guess,Support,747,591,504,533
Efreet,Yoma,52,3,-,Drain,Weak,-,-,-,-,840 (182/190),137 (89/190),208 (12/190),100 (182/190),128 (107/190),119 (154/190),Agilao,Fire Boost,Maragi,Agidyne,Hellfire,Memutudi,Back Attack,Resist Elec,Mow Down,Heat Wave,Zan,Outbreak,Attack,617,508,766,544
Grendel,Jaki,51,3,Resist,-,-,-,Weak,-,-,1342 (7/190),207 (13/190),82 (179/190),207 (7/190),63 (189/190),136 (110/190),Deathbound,Mortal Jihad,Curse of Distress,Life Gain,Herculean Strike,Charge,Great Aim,Resist Force,Binding Claw,Endure,Retaliate,Wild Guess,Attack,764,661,502,598
Koumokuten,Kishin,50,3,-,-,-,Null,Weak,Resist,-,966 (139/190),207 (14/190),118 (123/190),127 (139/190),109 (149/190),127 (136/190),Zionga,Tetra Break,Hades Blast,Megaton Press,Ziodyne,Sukukaja,Counter,Resist Phys,Luck Amp I,Mabufu,Bloody Glee,Bufu,Attack,764,573,577,528
Scathach,Megami,50,3,-,-,-,Weak,Null,Resist,-,924 (153/190),187 (39/190),99 (147/190),118 (153/190),137 (83/190),146 (68/190),Zanma,Hades Blast,Wind Breath,Life Gain,Madness Nails,Diarama,Hellish Mask,Resist Elec,Bufu,Counter,Fast Recovery,Rampage,Attack,722,553,537,509
Arahabaki,Vile,50,3,Resist,Weak,Weak,Weak,Weak,Resist,Resist,1498 (1/190),73 (181/190),157 (84/190),240 (1/190),99 (164/190),127 (137/190),Megido,Makarakarn,Concentrate,Energy Drain,Ice Breath,Meposumudi,Makara Shift,Null Ice,Mow Down,Madness,Mudo,Mecharmdi,Attack,483,630,659,672
Chimera,Avatar,49,3,-,Resist,-,Resist,Weak,-,-,1013 (112/190),187 (38/190),73 (188/190),137 (112/190),157 (45/190),137 (106/190),Makara Break,Zionga,Madness Nails,Berserker God,Mazionga,War Cry,Retaliate,Resist Force,Paraladi,Mahama,Media,Fast Recovery,Attack,722,574,483,517
Shiki-Ouji,Brute,49,3,Null,Weak,Weak,-,-,Resist,Resist,966 (138/190),166 (62/190),187 (47/190),127 (138/190),90 (173/190),118 (156/190),Resist Mute,Hama,Mudo,Dekaja,Megido,Rakunda,Back Attack,Resist Ice,Meweakdi,Maragi,Vengeance,Dia,Attack,678,552,722,563
Horus,Deity,49,3,Resist,-,-,-,-,Repel,Weak,966 (136/190),99 (143/190),157 (83/190),127 (136/190),217 (7/190),90 (180/190),Diarama,Dekunda,Mahama,Mana Gain,Hamadyne,Amrita,Light Boost,Null Elec,Cursedi,Paraladi,Maragi,Cursedi,Heal,537,519,659,548
Kresnik,Genma,49,3,-,-,-,-,Weak,Null,-,1013 (113/190),118 (114/190),146 (95/190),137 (113/190),146 (68/190),118 (155/190),Sukunda,Null Elec,Judgement Light,Mana Aid,Tempest Slash,Rebellion,Merciless Blow,Null Dark,Vitality Amp I,Mamudo,Retaliate,Good Aim,Attack,577,539,636,553
Baihu,Holy,48,3,-,-,-,Null,Weak,-,-,924 (154/190),186 (43/190),146 (94/190),118 (154/190),127 (108/190),108 (172/190),Sukunda,Zionga,Elec Boost,Madness Nails,Mazionga,Concentrate,Intimidating Stance,Resist Phys,Madness,Mabufu,Mind Break,Dmg Panel V I,Attack,720,552,636,532
Virtue,Divine,47,3,-,-,-,Weak,Null,Null,Weak,1201 (24/190),63 (187/190),177 (63/190),177 (24/190),126 (117/190),157 (32/190),Memutudi,Null Mute,Hamaon,Barrier,Judgement Light,Concentrate,Auto-Sukuka,Null Ice,Mazio,Agi,Luck Amp I,Agility Amp I,Heal,462,556,701,613
Setanta,Fairy,47,3,-,-,-,Weak,Null,-,Weak,1009 (117/190),186 (42/190),127 (115/190),136 (117/190),108 (151/190),127 (138/190),Oni-Kagura,Great Aim,Herculean Strike,Deathbound,Zanma,Tarukaja,Berserker,Resist Elec,Vitality Amp I,Zio,Cursedi,Heat Wave,Attack,720,572,596,543
Kushinada,Lady,47,3,-,-,-,-,-,Resist,Weak,1009 (119/190),73 (182/190),186 (48/190),136 (119/190),156 (46/190),136 (108/190),Diara,Recovery Boost,Mahama,Media,Hamaon,Lydia,Fast Recovery,Null Light,Mudo,Maragi,Meparaladi,Zan,Heal,483,516,720,572
Lilim,Night,47,3,-,-,Weak,-,Null,-,-,966 (137/190),99 (142/190),197 (26/190),127 (137/190),117 (135/190),146 (69/190),Resist Charm,Mazanma,Marin Karin,Spirit Drain,Zandyne,Memutudi,Magic Amp II,Null Elec,Luck Amp I,Bufu,Weakdi,Zio,Support,537,519,743,568
Illuyanka,Dragon,47,3,-,-,Resist,-,Resist,-,-,1009 (116/190),136 (90/190),175 (64/190),136 (116/190),126 (115/190),117 (159/190),Ice Breath,Zanma,Dragon Sense,Bufudyne,Mazanma,Acid Breath,Magic Amp II,Null Force,Heat Wave,Dodge,Hamaon,Wild Guess,Attack,615,547,697,567
Horkos,Tyrant,46,3,Resist,-,Weak,-,-,Weak,-,1056 (85/190),197 (26/190),82 (176/190),146 (85/190),117 (136/190),146 (67/190),Endure,Retaliate,Hellfire,Auto-Rakuga,Power Hit,Tetra Break,Vitality Amp II,Null Ice,Mabufu,Zan,Wild Guess,Fast Recovery,Attack,743,589,502,531
Peallaidh,Wilder,46,3,-,Weak,Resist,-,-,Weak,-,1150 (43/190),82 (165/190),186 (50/190),166 (43/190),117 (133/190),146 (66/190),Madezoreto,Insanity,Mamudoon,Toxic Cloud,Evil Gaze,Concentrate,Hellish Mask,Resist Light,Zio,Maragi,Agility Amp I,Dmg Panel V I,Support,502,553,720,605
Mad Gasser,Foul,45,3,-,-,-,-,-,Weak,Resist,877 (174/190),127 (100/190),108 (139/190),108 (174/190),184 (10/190),166 (18/190),Mahapoisma,Deadly Poison,Mudodyne,Hellish Mask,Deathtouch,Barrier Break,Madness,Null Dark,Zio,Hama,Sukukaja,Mecharmdi,Support,596,512,556,502
Gui Xian,Snake,45,3,-,Weak,Null,-,-,-,-,1103 (60/190),156 (73/190),186 (51/190),156 (60/190),81 (177/190),108 (171/190),Bufula,Mabufula,Ice Boost,Rakukaja,Bufudyne,Makara Break,Life Aid,Resist Phys,Dmg Panel V I,Strength Amp I,Cleave,Madness,Attack,657,579,720,594
Jatayu,Avian,44,3,-,-,Resist,Weak,Drain,Null,Weak,750 (187/190),117 (117/190),98 (150/190),81 (187/190),225 (6/190),165 (19/190),Sukukaja,Auto-Sukuka,Dekaja,Sukunda,Deathbound,Recarm,Wild Guess,Resist Elec,Mazan,Madness,Meposumudi,Cursedi,Support,575,477,535,468
Ammut,Beast,44,3,-,-,Weak,Null,-,-,-,1009 (120/190),196 (27/190),82 (180/190),136 (120/190),126 (114/190),145 (71/190),Rebellion,Deathtouch,Madness Nails,Agility Amp II,Binge Eating,War Cry,Null Charm,Resist Ice,Zio,Rampage,Vitality Amp I,Mabufu,Attack,741,577,502,520
Ares,Fury,44,3,-,-,-,-,-,Resist,Weak,877 (176/190),217 (9/190),99 (146/190),108 (176/190),126 (116/190),145 (72/190),Herculean Strike,Retaliate,Hellfire,Dekunda,Berserker God,Charge,Bloody Glee,Resist Phys,Hellish Mask,Sexy Dance,Shibabooon,Rampage,Attack,785,557,537,498
Chatterskull,Haunt,44,3,-,Drain,Weak,-,-,Weak,Null,877 (175/190),136 (91/190),186 (52/190),108 (175/190),116 (138/190),136 (107/190),Discord,Mudoon,Deathtouch,Dekaja,Hades Blast,War Cry,Null Bind,Resist Force,Mow Down,Posumudi,Rampage,Mazio,Support,615,516,720,541
Apis,Holy,44,3,-,-,-,-,-,Resist,Weak,1051 (89/190),186 (40/190),82 (178/190),145 (89/190),107 (153/190),156 (38/190),Tarukaja,Mahama,Makara Shift,Mediara,Power Hit,Discord,Life Surge,Resist Dark,Agi,Poismaon,Media,Mutudi,Support,720,582,502,530
Arianrhod,Megami,44,3,Resist,-,-,-,-,Resist,-,788 (185/190),186 (41/190),145 (96/190),89 (185/190),164 (27/190),89 (181/190),Hamaon,Media,Berserker God,Diara,Myriad Arrows,Lydia Break,Great Aim,Null Ice,Mazio,Charmdi,Vitality Amp I,Mutudi,Attack,720,520,634,500
Lailah,Herald,43,3,-,-,-,Weak,Resist,Null,Weak,919 (157/190),108 (133/190),206 (15/190),117 (157/190),107 (154/190),156 (35/190),Mediara,Light Boost,Mahamaon,Makajamaon,Hamadyne,Recarm,Life Aid,Resist Elec,Zan,Mazan,Heat Wave,Bufu,Attack,556,512,762,561
Silky,Fairy,42,3,-,Weak,Null,-,-,-,-,1197 (26/190),63 (188/190),185 (53/190),176 (26/190),116 (139/190),145 (73/190),Meweakdi,Null Weak,Bufudyne,Mediara,Mabufula,Lydia,Infernal Mask,Null Force,Bloody Glee,Mow Down,Dmg Panel V I,Wild Guess,Support,462,555,718,616
Mermaid,Femme,42,3,-,-,Resist,Weak,Resist,-,-,1009 (115/190),108 (131/190),196 (27/190),136 (115/190),107 (155/190),136 (113/190),Ice Breath,Wind Breath,Media,Sexy Dance,Bufudyne,Mecharmdi,Infinite Chakra,Null Ice,Mutudi,Mecharmdi,Paraladi,Rampage,Heal,556,533,741,577
Unicorn,Holy,42,3,-,-,-,Weak,-,Null,Null,1103 (59/190),136 (92/190),185 (54/190),156 (59/190),97 (167/190),99 (177/190),Mecharmdi,Null Charm,Mazan,Bufudyne,Glacial Blast,Memutudi,Serial Killer,Resist Ice,Agi,Magic Amp I,Cursedi,Mow Down,Heal,615,569,718,594
Kaiwan,Night,42,3,-,-,Weak,-,-,Weak,Null,1051 (87/190),117 (120/190),165 (75/190),145 (87/190),134 (86/190),117 (158/190),Mudoon,Mamudo,Dark Boost,Sukukaja,Mamudoon,Makara Break,Endure,Resist Ice,Magic Amp I,Luck Amp I,Bloody Glee,Mahama,Attack,575,548,676,572
Makami,Avatar,41,3,-,-,-,-,-,Resist,Weak,962 (141/190),117 (118/190),117 (126/190),126 (141/190),173 (17/190),156 (37/190),Meparaladi,Null Bind,Diarama,Amrita,Berserker God,Samarecarm,Recovery Boost,Null Elec,Paraladi,Mazan,Dia,Agi,Heal,575,527,575,527
Ikusa,Brute,41,3,-,-,-,-,Weak,Weak,Resist,877 (173/190),156 (72/190),126 (118/190),108 (173/190),163 (31/190),126 (140/190),Resist Poison,Ice Breath,Mamudoon,Merciless Blow,Myriad Arrows,Juon,Savage Glee,Resist Light,Mutudi,Vitality Amp I,Mekasudi,Meweakdi,Attack,657,526,594,511
Forneus,Fallen,41,3,-,-,Drain,Weak,-,-,Null,1197 (28/190),176 (57/190),117 (124/190),176 (28/190),80 (180/190),136 (112/190),Bufula,Mazio,Fog Breath,Resist Elec,Mabufula,Mahashibaboo,Ice Boost,Null Light,Agility Amp I,Memutudi,Zio,Charmdi,Support,699,611,575,582
Zouchouten,Kishin,41,3,-,Null,Weak,-,-,Resist,-,919 (158/190),156 (74/190),196 (28/190),117 (158/190),106 (156/190),117 (157/190),Rakukaja,Herculean Strike,Agilao,Charge,Fire Breath,Taunt,Dmg Panel Immunity,Resist Dark,Hellish Mask,Strength Amp I,Mecharmdi,Bufu,Attack,657,536,741,556
Hare of Inaba,UMA,41,3,-,Weak,-,-,-,-,-,919 (156/190),117 (121/190),98 (148/190),117 (156/190),182 (12/190),156 (36/190),Dekaja,Media,Trap Free,Recarm,,,,,,,,,Heal,575,517,535,507
Baphomet,Vile,41,3,-,-,-,-,-,Weak,Null,1197 (25/190),81 (167/190),196 (29/190),176 (25/190),97 (166/190),136 (109/190),Mamudo,Life Drain,Maragi,Mana Gain,Mudodyne,Mahapoisma,Dark Boost,Resist Light,Rampage,Mabufu,Wild Guess,Zio,Attack,500,564,741,621
Mothman,Wilder,41,3,-,-,-,Resist,Weak,-,-,1291 (11/190),108 (132/190),89 (165/190),196 (11/190),154 (48/190),136 (111/190),Resist Bind,Mazio,Mahashibaboo,Mana Bonus,Ziodyne,Shibabooon,Insanity,Null Fire,Zan,Heat Wave,Dodge,Meparaladi,Support,556,599,516,590
Makara,Dragon,41,3,-,Weak,Resist,-,-,-,-,1103 (58/190),108 (130/190),156 (86/190),156 (58/190),133 (97/190),126 (141/190),Makara Break,Mabufu,Tarunda,Null Weak,Megido,Makarakarn,Life Surge,Resist Fire,Bufula,Counter,Mind Break,Sweet Bite,Support,556,555,657,579
Power,Divine,40,3,-,-,-,Resist,Weak,Null,Weak,1197 (27/190),176 (54/190),135 (105/190),176 (27/190),80 (179/190),117 (160/190),Media,Megido,Fatal Sword,Diara,Mazionga,Rebellion,Assassin,Resist Force,Meparaladi,Mudo,Magic Amp I,Fast Recovery,Attack,699,611,613,591
Tam Lin,Genma,40,3,-,-,-,-,-,Resist,Weak,962 (140/190),196 (29/190),89 (164/190),126 (140/190),124 (118/190),145 (74/190),Fast Recovery,Wind Breath,Dark Sword,Hamadyne,Deathbound,Mediara,Tetra Shift,Resist Fire,Mazan,Maragi,Lunge,Cleave,Attack,741,566,516,513
Pele,Lady,40,3,-,Resist,Weak,-,-,-,-,1333 (8/190),81 (166/190),185 (55/190),205 (8/190),88 (175/190),126 (139/190),Meposumudi,Agilao,Null Poison,Diara,Maragion,Recarm,Luck Amp II,Resist Phys,Meweakdi,Mazan,Dmg Panel V I,Magic Amp I,Heal,500,596,718,648
Valkyrie,Yoma,40,3,Resist,-,-,Weak,Resist,-,-,1098 (61/190),196 (28/190),81 (181/190),155 (61/190),115 (142/190),145 (75/190),Mahama,Fatal Sword,Phys Boost,Heat Wave,Deathbound,Tetra Break,Life Surge,Resist Elec,Meweakdi,Cleave,Mutudi,Weakdi,Attack,741,598,500,541
Orthrus,Beast,35,2,-,Null,Weak,-,-,-,Resist,1046 (91/190),164 (63/190),126 (116/190),144 (91/190),141 (76/190),89 (182/190),Agilao,Eat Whole,Maragi,Herculean Strike,Fire Breath,Recarm,Resist Bind,Resist Elec,,,,,Attack,674,570,594,551
Principality,Divine,35,2,-,-,-,-,-,Null,Weak,1004 (123/190),89 (150/190),195 (32/190),135 (123/190),105 (157/190),144 (77/190),Recarm,Hamaon,Bufu,Media,Judgement Light,Cursedi,Light Boost,Resist Dark,,,,,Heal,516,523,739,576
Kelpie,Fairy,35,2,-,-,Resist,-,Weak,-,-,1004 (121/190),135 (93/190),126 (117/190),135 (121/190),160 (35/190),135 (114/190),Diara,Zionga,Rampage,Void Dark Zones,Spirit Drain,Lydia,Wild Guess,Resist Dark,,,,,Heal,613,546,594,541
Shadow,Foul,35,2,Resist,-,-,-,Weak,Weak,Null,1192 (31/190),89 (151/190),195 (30/190),175 (31/190),151 (56/190),72 (187/190),Rakunda,Mazio,Mudo,Tarukaja,Mudoon,Dezoreto,Agility Amp I,Resist Ice,,,,,Support,516,567,739,620
Patrimpas,Dragon,35,2,-,Weak,Resist,-,Resist,-,Weak,1046 (90/190),126 (102/190),154 (87/190),144 (90/190),114 (143/190),134 (117/190),Recarm,Diarama,Tetraja,Fast Recovery,Wind Breath,Amrita,Endure,Resist Fire,,,,,Heal,594,551,653,565
Yaksini,Femme,34,2,-,-,-,Weak,Null,-,-,1140 (44/190),194 (30/190),116 (127/190),164 (44/190),113 (144/190),89 (183/190),Resist Curse,Agilao,Mazan,Tempest Slash,Zionga,Shibaboo,Strength Amp I,Resist Phys,,,,,Attack,737,607,573,568
Legion,Haunt,34,2,-,-,-,Weak,-,Weak,Resist,1328 (9/190),116 (122/190),98 (149/190),204 (9/190),140 (77/190),125 (143/190),Mazan,Mudo,Agi,Deathbound,Wind Breath,Makara Break,Force Boost,Resist Fire,,,,,Attack,573,612,535,603
Dis,Yoma,34,2,-,-,Resist,Resist,-,-,Weak,1046 (92/190),72 (183/190),184 (56/190),144 (92/190),131 (99/190),144 (76/190),Makajam,Agilao,Zan,Mediara,Megido,Barrier Break,Deadly Mute,Resist Force,,,,,Heal,481,524,716,580
Shiisaa,Avatar,33,2,-,Resist,-,-,Resist,Resist,-,957 (142/190),144 (83/190),88 (166/190),125 (142/190),159 (36/190),154 (39/190),Shibaboo,Zan,Wind Breath,Binding Claw,Mazan,Barrier Break,Deadly Bondage,Resist Ice,,,,,Support,632,539,514,511
Kanbari,Enigma,30,2,Weak,-,-,-,-,Resist,Weak,915 (159/190),134 (94/190),107 (140/190),116 (159/190),158 (41/190),163 (21/190),Rampage,Hamaon,Luck,Megaton Press,,,,,,,,,Attack,611,524,554,511
Fomorian,Night,30,2,-,Weak,Resist,-,-,-,-,1324 (10/190),183 (48/190),81 (182/190),203 (10/190),78 (181/190),134 (116/190),Mabufu,Herculean Strike,Hamaon,Back Attack,Bufula,Rebellion,Life Gain,Resist Light,,,,,Attack,714,644,500,593
Suparna,Avian,28,2,-,-,-,Resist,-,Resist,Weak,952 (143/190),142 (85/190),97 (153/190),124 (143/190),176 (16/190),124 (145/190),Zio,Herculean Strike,Rakukaja,Diara,Spirit Drain,Tarunda,Hellish Mask,Null Elec,,,,,Attack,628,537,533,514
Naga,Snake,28,2,-,Weak,Resist,Resist,Weak,-,Weak,1277 (14/190),163 (64/190),71 (190/190),193 (14/190),112 (146/190),125 (144/190),Fatal Sword,Bufula,Good Aim,Rebellion,Deathbound,Dezoreto,Life Gain,Null Ice,,,,,Attack,672,623,479,577
Oni,Brute,27,2,-,-,-,Weak,-,-,-,999 (125/190),202 (18/190),97 (152/190),134 (125/190),94 (169/190),143 (79/190),Tetra Break,Maragi,Herculean Strike,Oni-Kagura,Tempest Slash,Charge,Bloody Glee,Resist Force,,,,,Attack,754,578,533,525
Kurama Tengu,Genma,27,2,-,-,-,Weak,Null,-,-,910 (161/190),106 (134/190),134 (106/190),115 (161/190),176 (15/190),143 (80/190),Sukukaja,Hama,Mazan,Mahama,Zanma,Sukunda,Dmg Panel V II,Resist Fire,,,,,Attack,552,509,611,523
Heqet,Holy,27,2,-,-,-,Resist,Weak,-,-,952 (144/190),143 (84/190),134 (107/190),124 (144/190),148 (61/190),115 (163/190),Media,Mazio,Meposumudi,Zionga,Shock,Dekunda,Life Gain,Resist Fire,,,,,Heal,630,537,611,533
Take-Minakata,Kishin,27,2,-,Weak,-,Resist,-,-,-,1183 (35/190),182 (51/190),71 (189/190),173 (35/190),120 (126/190),124 (146/190),Counter,Zionga,Oni-Kagura,Elec Boost,Shock,Meparaladi,Mana Bonus,Resist Dark,,,,,Attack,712,611,479,555
Hathor,Megami,27,2,Weak,-,Resist,-,Resist,Resist,-,1183 (34/190),106 (135/190),124 (119/190),173 (34/190),167 (21/190),106 (174/190),Amrita,Zan,Zionga,Meposumudi,Mazio,Mecharmdi,Mana Bonus,Null Force,,,,,Heal,552,573,590,582
Pisaca,Haunt,26,2,-,Weak,-,-,Null,Weak,Resist,1277 (15/190),124 (106/190),80 (183/190),193 (15/190),137 (81/190),124 (148/190),Mamudo,Sweet Bite,Life Drain,Ju,Mudoon,Mahashibaboo,Dmg Panel V II,Resist Ice,,,,,Support,590,604,498,582
Abraxas,Vile,26,2,Drain,Weak,Weak,Weak,Weak,Weak,Weak,910 (163/190),173 (60/190),173 (66/190),115 (163/190),129 (104/190),80 (185/190),Dekunda,Tarukaja,Bufula,Rakukaja,Herculean Strike,Amrita,Hellish Mask,Null Dark,,,,,Support,693,543,693,543
Ippon-Datara,Jaki,26,2,-,Resist,-,-,-,Weak,-,952 (146/190),153 (77/190),142 (99/190),124 (146/190),110 (148/190),133 (125/190),Mudoon,Oni-Kagura,Curse of Distress,Mahaju,Mow Down,Tarukaja,Back Attack,Resist Light,,,,,Attack,651,542,628,537
Archangel,Divine,25,2,-,-,-,-,-,Null,Weak,1037 (93/190),162 (67/190),133 (108/190),142 (93/190),102 (163/190),124 (147/190),Tarukaja,Agi,Hama,Heat Wave,Agilao,Lydia Break,Good Aim,Resist Phys,,,,,Attack,670,567,609,552
Black Ooze,Foul,25,2,Resist,-,-,Weak,-,Weak,Null,1366 (5/190),153 (76/190),133 (109/190),212 (5/190),77 (185/190),97 (179/190),Ju,Poisma,Sweet Bite,Madness,Deathtouch,Mahaju,Endure,Null Fire,,,,,Support,651,639,609,629
Kamiotoko,Rumor,25,2,-,-,-,-,-,Weak,Repel,1089 (64/190),193 (32/190),106 (142/190),153 (64/190),102 (162/190),106 (173/190),Mudoon,Insanity,Paralyzing Bite,War Cry,,,,,,,,,Support,735,594,552,551
Nue,Wilder,25,2,-,-,-,Resist,Weak,-,-,1089 (65/190),182 (52/190),97 (151/190),153 (65/190),102 (161/190),133 (120/190),Mazio,Zio,Eat Whole,Binding Claw,Zionga,Rakunda,Strength Amp I,Resist Phys,,,,,Attack,712,589,533,546
Hamsa,Avian,24,2,-,-,-,Resist,-,-,Weak,995 (127/190),80 (169/190),142 (98/190),133 (127/190),165 (22/190),142 (82/190),Hama,Zionga,Sukukaja,Makajam,Mahama,Media,Speedster,Resist Ice,,,,,Support,498,516,628,547
High Pixie,Fairy,24,2,-,-,-,-,Resist,-,-,868 (177/190),88 (156/190),192 (37/190),106 (177/190),137 (82/190),153 (44/190),Dezoreto,Media,Mazio,Lydia,Shock,Diara,Madness,Resist Light,,,,,Heal,514,490,733,542
Decarabia,Fallen,23,2,-,-,-,-,-,Weak,Resist,1089 (66/190),88 (155/190),173 (67/190),153 (66/190),119 (129/190),133 (121/190),Maragi,Mabufu,Bufu,Marin Karin,Agilao,Memutudi,Resist Mute,Resist Ice,,,,,Attack,514,542,693,584
Shikome,Femme,23,2,-,Weak,-,-,-,Weak,Resist,910 (162/190),133 (95/190),115 (129/190),115 (162/190),155 (47/190),142 (84/190),Tarunda,Toxic Sting,Bufula,Binding Claw,Deathbound,Weakdi,Dodge,Resist Force,,,,,Support,609,523,571,514
Incubus,Night,21,2,-,-,-,Weak,Resist,-,-,952 (145/190),133 (96/190),115 (128/190),124 (145/190),154 (49/190),142 (85/190),Marin Karin,Mudoon,Zan,Life Drain,Mazan,Meparaladi,Deadly Charm,Resist Ice,,,,,Support,609,532,571,523
Angel,Divine,20,2,-,-,-,Weak,-,Null,Weak,1084 (67/190),80 (168/190),181 (59/190),152 (67/190),118 (132/190),133 (124/190),Hama,Mahama,Diara,Rakukaja,Judgement Light,Charmdi,Null Mute,Resist Elec,,,,,Heal,498,537,710,587
Blob,Foul,20,2,Resist,-,Weak,-,-,Weak,Null,1272 (16/190),152 (80/190),105 (143/190),192 (16/190),83 (176/190),133 (119/190),Poisma,Zan,Mazan,Tarunda,Spirit Drain,Mahapoisma,Madness,Resist Force,,,,,Support,649,617,550,593
Mou-Ryo,Haunt,20,2,-,-,-,-,-,Weak,Null,863 (179/190),87 (158/190),201 (22/190),105 (179/190),118 (131/190),152 (47/190),Mudo,Shibabooon,Fire Breath,Spirit Drain,Evil Gaze,Cursedi,Magic Amp I,Repel Dark,,,,,Attack,512,489,752,546
Raijuu,Wilder,20,2,-,-,-,Resist,Weak,-,-,995 (126/190),115 (123/190),96 (157/190),133 (126/190),164 (26/190),152 (49/190),Resist Weak,Zionga,Shock,Endure,Binding Claw,Barrier Break,Agility Amp I,Null Elec,,,,,Support,571,533,531,524
Momunofu,Brute,15,1,Resist,-,-,-,Weak,-,-,1126 (50/190),180 (53/190),79 (184/190),161 (50/190),108 (152/190),132 (127/190),Mow Down,Counter,,Heat Wave,Oni-Kagura,Dekunda,Endure,Resist Force,,,,,Attack,708,597,495,546
Nozuchi,Snake,15,1,Resist,Weak,Resist,Resist,Weak,-,Weak,990 (129/190),132 (97/190),123 (120/190),132 (129/190),133 (90/190),141 (86/190),Life Bonus,Mazio,,Rampage,Zionga,Cursedi,Good Aim,Resist Fire,,,,,Attack,607,541,588,536
Chupacabra,UMA,15,1,-,-,-,Weak,-,-,-,821 (183/190),123 (107/190),105 (144/190),96 (183/190),170 (18/190),161 (23/190),Mazan,Stealth,,Auto-Sukuka,,,,,,,,,Attack,588,497,550,488
Nekomata,Beast,14,1,-,Resist,Weak,Weak,Resist,-,-,990 (128/190),114 (124/190),96 (155/190),132 (128/190),170 (19/190),141 (88/190),Charmdi,Mazan,,Sukukaja,Zanma,Amrita,Resist Charm,Resist Ice,,,,,Support,569,532,531,523
Pyro Jack,Fairy,13,1,-,Resist,Weak,-,-,-,-,1032 (98/190),79 (172/190),190 (43/190),141 (98/190),116 (140/190),141 (89/190),Agi,Maragi,,Agilao,Fire Breath,Tag,Mana Bonus,Resist Force,,,,,Attack,495,524,729,580
Leanan Sidhe,Femme,12,1,-,-,-,-,Weak,-,-,1263 (18/190),79 (171/190),160 (79/190),190 (18/190),98 (165/190),132 (128/190),Dia,Bufu,,Media,Mudoon,Recarm,Resist Poison,Resist Force,,,,,Heal,495,578,666,619
Apsaras,Yoma,11,1,-,Weak,Resist,-,-,-,-,1028 (105/190),86 (159/190),170 (70/190),140 (105/190),115 (141/190),140 (99/190),Posumudi,Bufu,,Bufula,Bufula,Mecharmdi,Agility Amp I,Resist Elec,,,,,Heal,510,527,687,569
Gremlin,Jaki,11,1,-,Weak,Resist,Resist,Weak,-,-,896 (165/190),104 (136/190),159 (81/190),112 (165/190),159 (37/190),112 (167/190),Zio,Bufu,,Lunge,Mudo,Makajam,Mana Bonus,Resist Fire,,,,,Attack,548,505,663,532
Eligor,Fallen,10,1,Resist,-,-,Weak,-,-,Null,1263 (17/190),190 (36/190),113 (130/190),190 (17/190),65 (188/190),104 (175/190),Mudo,Mow Down,,Endure,Fatal Sword,Rakukaja,Counter,Resist Light,,,,,Attack,729,634,567,595
Phantom,Foul,10,1,Resist,-,-,-,Weak,Weak,Null,1079 (72/190),95 (148/190),190 (44/190),151 (72/190),150 (57/190),70 (188/190),Zio,Mudo,,Mazio,Zionga,Dekaja,Hellish Mask,Resist Elec,,,,,Attack,529,543,729,591
Sandman,Night,10,1,-,-,-,Weak,Resist,-,-,1122 (52/190),113 (126/190),95 (160/190),160 (52/190),150 (58/190),140 (94/190),Zan,Cleave,,Shibaboo,Dark Sword,Sukunda,Epic Recovery,Resist Ice,,,,,Attack,567,562,529,553
Inugami,Beast,9,1,-,Resist,Weak,-,-,-,-,1079 (71/190),113 (125/190),95 (158/190),151 (71/190),149 (59/190),140 (100/190),Agi,Paraladi,,Maragi,Agilao,Rakunda,Resist Bind,Resist Dark,,,,,Support,567,552,529,543
Bicorn,Wilder,9,1,-,-,-,-,Weak,-,Null,1169 (39/190),198 (25/190),140 (101/190),170 (39/190),81 (178/190),70 (189/190),Lunge,Agi,,Maragi,Heat Wave,Charmdi,Hellish Mask,Resist Light,,,,,Attack,745,616,624,587
Jack Frost,Fairy,7,1,-,Weak,Resist,-,-,-,-,1075 (74/190),79 (170/190),179 (61/190),150 (74/190),105 (158/190),140 (96/190),Bufu,Mabufu,,Hama,Bufula,Tag,Counter,Resist Elec,,,,,Attack,495,534,705,584
Obariyon,Haunt,7,1,-,-,Weak,Resist,-,Weak,Null,1169 (41/190),104 (138/190),86 (169/190),170 (41/190),148 (60/190),140 (93/190),Mutudi,Media,,Lunge,Rampage,Sukunda,Dodge,Resist Fire,,,,,Heal,548,569,510,560
Koppa Tengu,Yoma,7,1,-,-,-,Weak,Resist,-,-,741 (188/190),140 (87/190),122 (122/190),79 (188/190),158 (39/190),150 (56/190),Dmg Panel V I,Zan,,Wind Breath,Zanma,Tarunda,Wild Guess,Resist Fire,,,,,Attack,624,486,586,477
Mokoi,Night,5,1,-,-,-,Resist,Weak,-,-,901 (164/190),113 (127/190),113 (131/190),113 (164/190),157 (44/190),140 (95/190),Zio,Lunge,,Rampage,Zionga,Weakdi,Strength Amp I,Resist Dark,,,,,Attack,567,510,567,510
Agathion,Yoma,5,1,-,Resist,Weak,Resist,-,-,Weak,1206 (22/190),78 (173/190),150 (89/190),178 (22/190),105 (159/190),140 (97/190),Cursedi,Zio,,Mazio,Heat Wave,Mutudi,Luck Amp I,Resist Dark,,,,,Attack,493,564,645,600
Melchom,Fallen,4,1,-,Resist,Weak,-,Weak,Weak,Resist,1206 (23/190),104 (139/190),86 (168/190),178 (23/190),139 (79/190),130 (133/190),Dia,Agi,,Fire Breath,Maragi,Cursedi,Mana Bonus,Resist Phys,,,,,Attack,548,577,510,568
Preta,Haunt,4,1,-,Weak,Resist,-,Weak,Weak,Null,981 (130/190),130 (98/190),130 (112/190),130 (130/190),121 (124/190),130 (134/190),Bufu,Mudo,,Mabufu,Life Drain,Discord,Good Aim,Resist Force,,,,,Attack,603,538,603,538
Chagrin,Wilder,4,1,-,Weak,-,Resist,-,-,-,1258 (19/190),104 (137/190),95 (159/190),189 (19/190),147 (63/190),113 (164/190),Weakdi,Zio,,Shock,Mazio,Sukukaja,Agility Amp I,Resist Dark,,,,,Attack,548,589,529,585
Cu Sith,Beast,3,1,-,-,-,-,-,Null,-,896 (168/190),159 (69/190),112 (132/190),112 (168/190),147 (64/190),112 (165/190),Cleave,Agi,,Amrita,Sweet Bite,Tarukaja,Life Bonus,Resist Fire,,,,,Attack,663,532,565,509
Azumi,Brute,3,1,-,-,Resist,Weak,-,-,-,896 (167/190),112 (128/190),130 (111/190),112 (167/190),147 (62/190),139 (102/190),Paraladi,Bufu,,Ice Breath,Mabufu,Dia,Life Bonus,Resist Force,,,,,Attack,565,509,603,518
Pixie,Fairy,2,1,-,-,-,Resist,-,-,Weak,981 (132/190),95 (147/190),112 (133/190),130 (132/190),182 (11/190),112 (166/190),Zan,Dia,,Recovery Boost,Mazio,Media,Resist Mute,Resist Light,,,,,Attack,529,520,565,529
Slime,Foul,1,1,Weak,Weak,Weak,Weak,Weak,Weak,-,891 (172/190),129 (99/190),111 (136/190),111 (172/190),138 (80/190),129 (135/190),Cleave,Life Bonus,,Life Drain,Spirit Drain,Posumudi,Counter,Resist Force,,,,,Attack,600,516,563,507
Slime,Foul,1,1,Weak,Weak,Weak,Weak,Weak,Weak,-,891 (172/190),129 (99/190),111 (136/190),111 (172/190),138 (80/190),129 (135/190),Cleave,Life Bonus,,Life Drain,Spirit Drain,Posumudi,Counter,Resist Force,,,,,Attack,600,516,563,507
Slime,Foul,1,1,Weak,Weak,Weak,Weak,Weak,Weak,-,891 (172/190),129 (99/190),111 (136/190),111 (172/190),138 (80/190),129 (135/190),Cleave,Life Bonus,,Life Drain,Spirit Drain,Posumudi,Counter,Resist Force,,,,,Attack,600,516,563,507
Slime,Foul,1,1,Weak,Weak,Weak,Weak,Weak,Weak,-,891 (172/190),129 (99/190),111 (136/190),111 (172/190),138 (80/190),129 (135/190),Cleave,Life Bonus,,Life Drain,Spirit Drain,Posumudi,Counter,Resist Force,,,,,Attack,600,516,563,507
Slime,Foul,1,1,Weak,Weak,Weak,Weak,Weak,Weak,-,891 (172/190),129 (99/190),111 (136/190),111 (172/190),138 (80/190),129 (135/190),Cleave,Life Bonus,,Life Drain,Spirit Drain,Posumudi,Counter,Resist Force,,,,,Attack,600,516,563,507
Slime,Foul,1,1,Weak,Weak,Weak,Weak,Weak,Weak,-,891 (172/190),129 (99/190),111 (136/190),111 (172/190),138 (80/190),129 (135/190),Cleave,Life Bonus,,Life Drain,Spirit Drain,Posumudi,Counter,Resist Force,,,,,Attack,600,516,563,507
Slime,Foul,1,1,Weak,Weak,Weak,Weak,Weak,Weak,-,891 (172/190),129 (99/190),111 (136/190),111 (172/190),138 (80/190),129 (135/190),Cleave,Life Bonus,,Life Drain,Spirit Drain,Posumudi,Counter,Resist Force,,,,,Attack,600,516,563,507
Slime,Foul,1,1,Weak,Weak,Weak,Weak,Weak,Weak,-,891 (172/190),129 (99/190),111 (136/190),111 (172/190),138 (80/190),129 (135/190),Cleave,Life Bonus,,Life Drain,Spirit Drain,Posumudi,Counter,Resist Force,,,,,Attack,600,516,563,507
Slime,Foul,1,1,Weak,Weak,Weak,Weak,Weak,Weak,-,891 (172/190),129 (99/190),111 (136/190),111 (172/190),138 (80/190),129 (135/190),Cleave,Life Bonus,,Life Drain,Spirit Drain,Posumudi,Counter,Resist Force,,,,,Attack,600,516,563,507
Slime,Foul,1,1,Weak,Weak,Weak,Weak,Weak,Weak,-,891 (172/190),129 (99/190),111 (136/190),111 (172/190),138 (80/190),129 (135/190),Cleave,Life Bonus,,Life Drain,Spirit Drain,Posumudi,Counter,Resist Force,,,,,Attack,600,516,563,507
Slime,Foul,1,1,Weak,Weak,Weak,Weak,Weak,Weak,-,891 (172/190),129 (99/190),111 (136/190),111 (172/190),138 (80/190),129 (135/190),Cleave,Life Bonus,,Life Drain,Spirit Drain,Posumudi,Counter,Resist Force,,,,,Attack,600,516,563,507
Slime,Foul,1,1,Weak,Weak,Weak,Weak,Weak,Weak,-,891 (172/190),129 (99/190),111 (136/190),111 (172/190),138 (80/190),129 (135/190),Cleave,Life Bonus,,Life Drain,Spirit Drain,Posumudi,Counter,Resist Force,,,,,Attack,600,516,563,507
Slime,Foul,1,1,Weak,Weak,Weak,Weak,Weak,Weak,-,891 (172/190),129 (99/190),111 (136/190),111 (172/190),138 (80/190),129 (135/190),Cleave,Life Bonus,,Life Drain,Spirit Drain,Posumudi,Counter,Resist Force,,,,,Attack,600,516,563,507
Slime,Foul,1,1,Weak,Weak,Weak,Weak,Weak,Weak,-,891 (172/190),129 (99/190),111 (136/190),111 (172/190),138 (80/190),129 (135/190),Cleave,Life Bonus,,Life Drain,Spirit Drain,Posumudi,Counter,Resist Force,,,,,Attack,600,516,563,507
Slime,Foul,1,1,Weak,Weak,Weak,Weak,Weak,Weak,-,891 (172/190),129 (99/190),111 (136/190),111 (172/190),138 (80/190),129 (135/190),Cleave,Life Bonus,,Life Drain,Spirit Drain,Posumudi,Counter,Resist Force,,,,,Attack,600,516,563,507
Slime,Foul,1,1,Weak,Weak,Weak,Weak,Weak,Weak,-,891 (172/190),129 (99/190),111 (136/190),111 (172/190),138 (80/190),129 (135/190),Cleave,Life Bonus,,Life Drain,Spirit Drain,Posumudi,Counter,Resist Force,,,,,Attack,600,516,563,507
Slime,Foul,1,1,Weak,Weak,Weak,Weak,Weak,Weak,-,891 (172/190),129 (99/190),111 (136/190),111 (172/190),138 (80/190),129 (135/190),Cleave,Life Bonus,,Life Drain,Spirit Drain,Posumudi,Counter,Resist Force,,,,,Attack,600,516,563,507
Slime,Foul,1,1,Weak,Weak,Weak,Weak,Weak,Weak,-,891 (172/190),129 (99/190),111 (136/190),111 (172/190),138 (80/190),129 (135/190),Cleave,Life Bonus,,Life Drain,Spirit Drain,Posumudi,Counter,Resist Force,,,,,Attack,600,516,563,507
Slime,Foul,1,1,Weak,Weak,Weak,Weak,Weak,Weak,-,891 (172/190),129 (99/190),111 (136/190),111 (172/190),138 (80/190),129 (135/190),Cleave,Life Bonus,,Life Drain,Spirit Drain,Posumudi,Counter,Resist Force,,,,,Attack,600,516,563,507
Slime,Foul,1,1,Weak,Weak,Weak,Weak,Weak,Weak,-,891 (172/190),129 (99/190),111 (136/190),111 (172/190),138 (80/190),129 (135/190),Cleave,Life Bonus,,Life Drain,Spirit Drain,Posumudi,Counter,Resist Force,,,,,Attack,600,516,563,507